artist,track_name,spotify_link
Charli XCX,Guess featuring billie eilish,https://open.spotify.com/track/0IsIY8pfu1yaGkPUD7pkDx
Charli XCX,party 4 u,https://open.spotify.com/track/2RdEC8Ff83WkX7kDVCHseE
Charli XCX,Von dutch,https://open.spotify.com/track/3Y1EvIgEVw51XtgNEgpz5c
Charli XCX,360,https://open.spotify.com/track/4w2GLmK2wnioVnb5CPQeex
Charli XCX,Apple,https://open.spotify.com/track/19RybK6XDbAVpcdxSbZL1o
Charli XCX,B2b,https://open.spotify.com/track/4wTvw1dBiPXNiHTh0zzpcI
Charli XCX,"Girl, so confusing featuring lorde",https://open.spotify.com/track/7srqyRb5plksW5k65itXDB
Charli XCX,365,https://open.spotify.com/track/5h68SoVFGleijCtjEja3xG
Charli XCX,Track 10,https://open.spotify.com/track/4t9PBD27dndlf6YMBK2ROc
Charli XCX,Talk talk featuring troye sivan,https://open.spotify.com/track/7CwWhMGWICOl2ICwbk3QTE
Chappell Roan,"Good Luck, Babe!",https://open.spotify.com/track/0WbMK4wrZ1wFSty9F7FCgu
Chappell Roan,Pink Pony Club,https://open.spotify.com/track/6393yGahSJ9slVdOwSxOVR
Chappell Roan,HOT TO GO!,https://open.spotify.com/track/3j6CeoBBlm40Msn1JE1SPD
Chappell Roan,The Giver,https://open.spotify.com/track/5xHgo5JN0wfsV41HnRaos5
Chappell Roan,Red Wine Supernova,https://open.spotify.com/track/7FOgcfdz9Nx5V9lCNXdBYv
Chappell Roan,Casual,https://open.spotify.com/track/3WSOUb3U7tqURbBSgZTrZX
Chappell Roan,Femininomenon,https://open.spotify.com/track/53IRnAWx13PYmoVYtemUBS
Chappell Roan,My Kink Is Karma,https://open.spotify.com/track/3bFC4mJkgF9HvTU1mncW7x
Chappell Roan,Naked In Manhattan,https://open.spotify.com/track/4LKYOetuIF5c9XjeLBL9av
Chappell Roan,Picture You,https://open.spotify.com/track/2Pspo5BWPcTnMHMstLFRHV
Sabrina Carpenter,Espresso,https://open.spotify.com/track/2HRqTpkrJO5ggZyyK6NPWz
Sabrina Carpenter,Taste,https://open.spotify.com/track/5G2f63n7IPVPPjfNIGih7Q
Sabrina Carpenter,Please Please Please,https://open.spotify.com/track/2tHwzyyOLoWSFqYNjeVMzj
Sabrina Carpenter,Busy Woman,https://open.spotify.com/track/0b0Dz0Gi86SVdBxYeiQcCP
Sabrina Carpenter,Bed Chem,https://open.spotify.com/track/1UHS8Rf6h5Ar3CDWRd3wjF
Sabrina Carpenter,Juno,https://open.spotify.com/track/21B4gaTWnTkuSh77iWEXdS
Sabrina Carpenter,Nonsense,https://open.spotify.com/track/6dgUya35uo964z7GZXM07g
Sabrina Carpenter,Feather,https://open.spotify.com/track/2Zo1PcszsT9WQ0ANntJbID
Sabrina Carpenter,Good Graces,https://open.spotify.com/track/102YUQbYmwdBXS7jwamI90
Sabrina Carpenter,15 Minutes,https://open.spotify.com/track/1zhvxTuSha22nsUT5Nw8gE
LCD Soundsystem,Dance Yrself Clean,https://open.spotify.com/track/2cmRpmO04TLaKPzmAzySYZ
LCD Soundsystem,All My Friends,https://open.spotify.com/track/2Ud3deeqLAG988pfW0Kwcl
LCD Soundsystem,Daft Punk Is Playing at My House,https://open.spotify.com/track/73mlvsfJM2qwlDUJxeaatI
LCD Soundsystem,Dancer,https://open.spotify.com/track/15uzP4I5pMX4dfQ9Lx72h1
LCD Soundsystem,I Can Change,https://open.spotify.com/track/2073QOEC8rBtSyTsRyaWiP
LCD Soundsystem,oh baby,https://open.spotify.com/track/53PkA8aXiwH4ppa0V0iO7o
LCD Soundsystem,Someone Great,https://open.spotify.com/track/2VGDntFPvgvqSiUf9ITEfW
LCD Soundsystem,Home,https://open.spotify.com/track/5gmv3BgePSYiHnPJgY7oTJ
LCD Soundsystem,"New York, I Love You but You're Bringing Me Down",https://open.spotify.com/track/5rAff9XfcWx7rguN3t0fkW
LCD Soundsystem,Tribulations,https://open.spotify.com/track/5JOO8UMaEpOfhhatQQsAqm
Sturgill Simpson,Long White Line,https://open.spotify.com/track/54vArmaFAC6EVLDob5mSNr
Sturgill Simpson,Turtles All the Way Down,https://open.spotify.com/track/3MuzrRZjIRRMqr4zASEZGU
Sturgill Simpson,Life Aint Fair and the World Is Mean,https://open.spotify.com/track/6JC07gKw87KsM466U28dxK
Sturgill Simpson,You Can Have the Crown,https://open.spotify.com/track/6wYh5OoQdgP69219b7OMG8
Sturgill Simpson,Sam,https://open.spotify.com/track/1kKDVYavcoEH5N6R6ezM6T
Sturgill Simpson,I Don't Mind,https://open.spotify.com/track/0NkiEX9bdIm7a06pJBbOYs
Sturgill Simpson,Mint Tea,https://open.spotify.com/track/6F7mS7NLtJ54WIkFZuaKT8
Sturgill Simpson,All Around You,https://open.spotify.com/track/2su9lOnI21rEmHdBcWjM2B
Sturgill Simpson,Life of Sin,https://open.spotify.com/track/1AmywcVcv23bcfUy8QY0ni
Sturgill Simpson,Breakers Roar,https://open.spotify.com/track/7rR5X9RKz5VprclstYOLb5
HAIM,Relationships,https://open.spotify.com/track/3QBNfI9ZyLVSgWoF9xw413
HAIM,"no body, no crime (feat. HAIM)",https://open.spotify.com/track/6NriykdkRrjQMZo1sfVYUo
HAIM,Down to be wrong,https://open.spotify.com/track/4vLA9tU4dvNvl3ssMTrMql
HAIM,Everybody's trying to figure me out,https://open.spotify.com/track/1CsGxcyExQn3vt4SNq91d1
HAIM,The Wire,https://open.spotify.com/track/3h8mGFJU0OSrMGyOSRF5xH
HAIM,Pray to God (feat. HAIM),https://open.spotify.com/track/75kMrDKPJJpgEQaXVh7QMB
HAIM,Now I'm In It - Bonus Track,https://open.spotify.com/track/1DR2KXb0UvibcLsdDGVwwt
HAIM,Gasoline (feat. Taylor Swift),https://open.spotify.com/track/2bzUVEvpZ7At5cYz1kOLI9
HAIM,Summer Girl - Bonus Track,https://open.spotify.com/track/4O3ob7NxMcZLgJ8ucIahPS
HAIM,Want You Back,https://open.spotify.com/track/6UCXPBxoTIVb3j3ziq8F6v
FKA twigs,Childlike Things,https://open.spotify.com/track/5GmXpNIK6yGwTtKBITIqzK
FKA twigs,"Ego Death (feat. Kanye West, FKA twigs & Skrillex)",https://open.spotify.com/track/3Q5cLvkKsHJvYltf8k7HkO
FKA twigs,Eusexua,https://open.spotify.com/track/6TeKbncyK62smlAvPy1dNa
FKA twigs,Perfect Stranger,https://open.spotify.com/track/2VeCDMFJMPg6S4P2EKRnyX
FKA twigs,Striptease,https://open.spotify.com/track/5kILHrfMHQ4eFHZqnu4yY3
FKA twigs,oh my love,https://open.spotify.com/track/5dEJc0rHuTVxtl1xljDbRv
FKA twigs,Girl Feels Good,https://open.spotify.com/track/536rHxlVFXGJBO2xWE7HsV
FKA twigs,Drums of Death,https://open.spotify.com/track/13QINbzgh3yta5OGvB77Pl
FKA twigs,Room Of Fools,https://open.spotify.com/track/1CqyErlQstROOe9hAn93oI
FKA twigs,Sticky,https://open.spotify.com/track/3Si0hc3hxlehGK53jYjgVF
TV on the Radio,Wolf Like Me,https://open.spotify.com/track/6Zgd7SomLTZkL1WPh4CUnV
TV on the Radio,Happy Idiot,https://open.spotify.com/track/63mnZ0zF5fBwJzYg2pDo9e
TV on the Radio,Staring at the Sun,https://open.spotify.com/track/1RzJ37KMEmEcxtp3SC4WFl
TV on the Radio,DLZ,https://open.spotify.com/track/6La3P2zp9KaW1d35hwm0Xh
TV on the Radio,Will Do,https://open.spotify.com/track/5iHK8VI9XkJJdXQHCBXeM4
TV on the Radio,Staring at the Sun,https://open.spotify.com/track/0tHRJGyVYXgZpeNlon6Zkl
TV on the Radio,Careful You,https://open.spotify.com/track/7DjtLnZKMipNZDt6SE9iEq
TV on the Radio,Young Liars,https://open.spotify.com/track/5FMhejeHdxTibd9T0pfurT
TV on the Radio,Trouble,https://open.spotify.com/track/1fDUds6Gcl87WHMvGUxmn4
TV on the Radio,Quartz,https://open.spotify.com/track/0xXmPzAdGlPBaJ0csqYxYs
Clairo,Juna,https://open.spotify.com/track/2mWfVxEo4xZYDaz0v7hYrN
Clairo,Bags,https://open.spotify.com/track/6UFivO2zqqPFPoQYsEMuCc
Clairo,Sofia,https://open.spotify.com/track/7B3z0ySL9Rr0XvZEAjWZzM
Clairo,4EVER,https://open.spotify.com/track/5mIOsPuQdXchVY0jB5NO9Q
Clairo,Sexy to Someone,https://open.spotify.com/track/3awweDjWIuXNMogMClJnvE
Clairo,Bubble Gum,https://open.spotify.com/track/3zksbXteOCeSusJ5Xltr3t
Clairo,Pretty Girl,https://open.spotify.com/track/0KyAGiNGUytG5JLxJu4F6l
Clairo,Flaming Hot Cheetos,https://open.spotify.com/track/1F6IbA7di42uPc3cff8PXV
Clairo,Glue Song (feat. Clairo),https://open.spotify.com/track/0tMMPZEt6Gyrl9FI8zSicm
Clairo,Hello?,https://open.spotify.com/track/7qwt4xUIqQWCu1DJf96g2k
Fontaines D.C.,Starburster,https://open.spotify.com/track/09ttHg3ZNVgDlYBZa1ZBw0
Fontaines D.C.,Favourite,https://open.spotify.com/track/27w0RH5IDt6xU3B2j7QOuy
Fontaines D.C.,I Love You,https://open.spotify.com/track/5XhMgAWzou6EjDmQtoyoZE
Fontaines D.C.,Bug,https://open.spotify.com/track/0MXmiqd7zoXxv6Gqn9ahhQ
Fontaines D.C.,It's Amazing To Be Young,https://open.spotify.com/track/1NQn6ovexeHuKcEMVfvb30
Fontaines D.C.,Jackie Down The Line,https://open.spotify.com/track/1MoA0TNVdveasxnR6c2JqZ
Fontaines D.C.,Before You I Just Forget,https://open.spotify.com/track/1oVAmJ2oaHv5NWFH99jCWE
Fontaines D.C.,Roman Holiday,https://open.spotify.com/track/4GKJALTXTwhZgLPp0usd5C
Fontaines D.C.,In The Modern World,https://open.spotify.com/track/3kQmcD1XU29nSMrS7kgsWm
Fontaines D.C.,Here's The Thing,https://open.spotify.com/track/4J4pysp2EFNhYibI8tIg0D
IDLES,Dancer,https://open.spotify.com/track/15uzP4I5pMX4dfQ9Lx72h1
IDLES,Never Fight A Man With A Perm,https://open.spotify.com/track/5DrkhJaGka08ZK6QyuMK0W
IDLES,Gift Horse,https://open.spotify.com/track/48mN5CnLBH1mTf58fDB5Nb
IDLES,I'm Scum,https://open.spotify.com/track/0mXDySw7m2OXK6Wd9hc9Js
IDLES,POP POP POP,https://open.spotify.com/track/5mvTURlK49UniKs3I7WK4z
IDLES,Damaged Goods,https://open.spotify.com/track/0lS6FAyfXBuNsT2OgIKb0W
IDLES,Roy,https://open.spotify.com/track/1IwpNoNWNUqIxsfvUptHzB
IDLES,Mother,https://open.spotify.com/track/0avZP07YeTpD9J8sEccLjf
IDLES,Grace,https://open.spotify.com/track/7uJTLqgyu4kecKVETVr5KZ
IDLES,Danny Nedelko,https://open.spotify.com/track/29tBdNJDDT3KbAkbWpckSd
Turnstile,NEVER ENOUGH,https://open.spotify.com/track/6ONyZXRIEiZWWnAA1F5YvH
Turnstile,SEEIN’ STARS,https://open.spotify.com/track/0vbdCsYHg1by09QKOGO4PR
Turnstile,BLACKOUT,https://open.spotify.com/track/0bGImSqDB2ebdeoCidUC8o
Turnstile,MYSTERY,https://open.spotify.com/track/5iXnD2VizcAbErpkcuNQ6I
Turnstile,BIRDS,https://open.spotify.com/track/0k9JIBszlCqCa4SpXI353F
Turnstile,HOLIDAY,https://open.spotify.com/track/1dB0NylVkpjdOe8DiekIs7
Turnstile,UNDERWATER BOI,https://open.spotify.com/track/4pV11quzVm52tULYj6ITD2
Turnstile,Alien Love Call,https://open.spotify.com/track/5D7AFGloFpXtdT2PiKTEC3
Turnstile,T.L.C. (TURNSTILE LOVE CONNECTION),https://open.spotify.com/track/3zQpWQCDm9QMDaAhe4ggoO
Turnstile,DON'T PLAY,https://open.spotify.com/track/69uzV9BQmNLPIu0dWK4Tbe
Spiritualized,Ladies and gentlemen we are floating in space,https://open.spotify.com/track/0fOjUafaAhJV16oRBgCtz7
Spiritualized,I Think I'm in Love,https://open.spotify.com/track/4QvdgQSQnOUza57BmPK4fZ
Spiritualized,Come Together,https://open.spotify.com/track/5lI9y4ZbpBsNJp4qd3ewzc
Spiritualized,Shine a Light,https://open.spotify.com/track/5MFZIkSSZd63sJ4BOu5jb4
Spiritualized,Lay It Down Slow,https://open.spotify.com/track/2kZ4NJc7eRLUHd5D0BjFMB
Spiritualized,Broken Heart,https://open.spotify.com/track/5jxN9knH0vlfpN2Ft7a5xi
Spiritualized,Stay with Me,https://open.spotify.com/track/6DBsox9g6jOsWerFwrK7Gx
Spiritualized,Electricity,https://open.spotify.com/track/510unyxy4oNWCbyRMajc0w
Spiritualized,All of My Thoughts,https://open.spotify.com/track/3IwLbpcJuoFBdqod2XwDZa
Spiritualized,You Know It's True,https://open.spotify.com/track/1RsK9pZTstZBOFdcDxrAyB
Stereolab,Aerial Troubles,https://open.spotify.com/track/6mfJi0SkVeIjyMz0edElJZ
Stereolab,The Flower Called Nowhere,https://open.spotify.com/track/7dmHNa6KpsyakWQsMOjHUx
Stereolab,French Disko,https://open.spotify.com/track/4Zb88sF1Qj778KV5lstVxT
Stereolab,Come And Play In The Milky Night (Demo),https://open.spotify.com/track/5Aon86qtmerQqXTYyEx9Vh
Stereolab,Miss Modular,https://open.spotify.com/track/0rjmjw66MN5qDr8jAEOi5k
Stereolab,Brakhage,https://open.spotify.com/track/6Wi3gizHOtRi7DSsX3XWZA
Stereolab,Pack Yr Romantic Mind,https://open.spotify.com/track/4CxKeyGN8tyBf04mYx4GgC
Stereolab,Rainbo Conversation,https://open.spotify.com/track/1Ip4AyegQWSvzVn3WrRSYm
Stereolab,Lo Boob Oscillator,https://open.spotify.com/track/5uriUCTByK25sTt1zp2UeK
Stereolab,Cybele's Reverie,https://open.spotify.com/track/0atchYBOarx9klLwbqKeaR
Beach House,Space Song,https://open.spotify.com/track/1ZgMsA55GIY7ICkQh5MILA
Beach House,Master of None,https://open.spotify.com/track/3stWWPN41byqp8loPdy92u
Beach House,Silver Soul,https://open.spotify.com/track/56eSclzdXaWU5jOJ7DX7Vp
Beach House,Myth,https://open.spotify.com/track/2Zw3HNjaNV42LnQ2uY5JQs
Beach House,Wildflower,https://open.spotify.com/track/44ZdzQCcGwjyweRELhs5qM
Beach House,PPP,https://open.spotify.com/track/45oBuExKn34tep5nf585jQ
Beach House,Take Care,https://open.spotify.com/track/2aydv0bsXbIZg3Sk2S6u86
Beach House,Lazuli,https://open.spotify.com/track/2TIJiqr72Qe9tGd26fStIN
Beach House,Lemon Glow,https://open.spotify.com/track/26CfdVmYf0hNvP6SJXF0vQ
Beach House,Wherever You Go,https://open.spotify.com/track/1wXTo1bgfYGIhpP9reKTy2
Denzel Curry,Dynasties & Dystopia (from the series Arcane League of Legends),https://open.spotify.com/track/28487fkXVQa2e6F2z73CBO
Denzel Curry,HOT ONE (with TiaCorine & A$AP Ferg),https://open.spotify.com/track/2TmS5wJTfWrpFgakSSTdCi
Denzel Curry,STILL IN THE PAINT (with LAZER DIM 700 & Bktherula),https://open.spotify.com/track/5PXpiAqtsLRlTUlAoeZeYP
Denzel Curry,Walkin,https://open.spotify.com/track/1q8DwZtQen5fvyB7cKbShC
Denzel Curry,BLACK FLAG FREESTYLE (with That Mexican OT),https://open.spotify.com/track/1KucENjrvmAEkSVjAgkGH2
Denzel Curry,Tokyo Drifting,https://open.spotify.com/track/2MA6YoaFF7fnWqkuOAWjUg
Denzel Curry,Ultimate,https://open.spotify.com/track/6R0GRYk2vs2XuBVemYK5YZ
Denzel Curry,CLOUT COBAIN | CLOUT CO13A1N,https://open.spotify.com/track/2LNMhZ3YijTO7USmqjgJfG
Denzel Curry,RICKY,https://open.spotify.com/track/2QbGvQssb0VLLS4x5NOmyJ
Denzel Curry,X-Wing,https://open.spotify.com/track/41X9qar6SruZOPLIV7sgUw
Jamie xx,Baddy On The Floor,https://open.spotify.com/track/79gWc6dZ1dXH7rC67DTunz
Jamie xx,Loud Places,https://open.spotify.com/track/1jy7SkRcmBCTcv4ZMtwz29
Jamie xx,Life,https://open.spotify.com/track/0pMj03SiaZ9bkFlXQWNhtZ
Jamie xx,All You Children,https://open.spotify.com/track/3cfgisz6DhZmooQk08P4Eu
Jamie xx,I Know There's Gonna Be (Good Times),https://open.spotify.com/track/2fHFLyzAQYlguX5q0DfKlD
Jamie xx,Waited All Night,https://open.spotify.com/track/4gBniy3TwR9o2JDBx48TlD
Jamie xx,You've Got The Love - Jamie xx Rework,https://open.spotify.com/track/59Y2GLn55BVjX3UTMUDtTP
Jamie xx,KILL DEM,https://open.spotify.com/track/1KVjRdgbrpn8M3b7SdIfHf
Jamie xx,On Hold - Jamie xx Remix,https://open.spotify.com/track/3qOuySPLpVyBXLuTNMgbRj
Jamie xx,F.U.,https://open.spotify.com/track/1ki7QR4GRRxmR2rQt7aAAY
The Mars Volta,Inertiatic Esp,https://open.spotify.com/track/16Elz7HJPLZPMylp13ewxv
The Mars Volta,The Widow,https://open.spotify.com/track/5meJWQuHyHDsOjWF8AtSDe
The Mars Volta,Cue the Sun,https://open.spotify.com/track/2OzUdDKLpSrjFCTIYPGDAW
The Mars Volta,Enlazan Las Tinieblas,https://open.spotify.com/track/1svAYL8gxicTE2qRvtNy3e
The Mars Volta,Reina Tormenta,https://open.spotify.com/track/30VX1nsIXSBAEtgqJNSUXu
The Mars Volta,Fin,https://open.spotify.com/track/5cOhbBTQ6jLGm11cq1oRKm
The Mars Volta,The Iron Rose,https://open.spotify.com/track/3dp72194Vd3Qzfm6CT45tT
The Mars Volta,Roulette Dares (The Haunt Of),https://open.spotify.com/track/32Uk6r7BFqNfpUVOFuQZFk
The Mars Volta,Mictlán,https://open.spotify.com/track/6v1tSqhnjf1zD8fD53Aygs
The Mars Volta,Alba Del Orate,https://open.spotify.com/track/5XwtmFUfvrtPAe1jOeThlA
Kim Deal,Are You Mine?,https://open.spotify.com/track/29kR4fIrAGssXnXbIjJyMk
Kim Deal,Wish I Was,https://open.spotify.com/track/46wtbqcPC4C3WrWGas15ry
Kim Deal,Coast,https://open.spotify.com/track/5HcqA94dsCm51VgOjIkpxg
Kim Deal,Nobody Loves You More,https://open.spotify.com/track/2JsRGRCM96TKaFlfICLupq
Kim Deal,Crystal Breath,https://open.spotify.com/track/6PsxpQQfcOljj2eBmGF8h3
Kim Deal,Are You Mine?,https://open.spotify.com/track/0MGUUxVOaHVolOZ6Yao0dV
Kim Deal,Disobedience,https://open.spotify.com/track/7DrAwjD0zx7woZVVv5ssYc
Kim Deal,Big Ben Beat,https://open.spotify.com/track/3rfZHyL8731IosDvZSWcp1
Kim Deal,Wish I Was,https://open.spotify.com/track/306W3g009kBuQ1sf2BhuM7
Kim Deal,A Good Time Pushed,https://open.spotify.com/track/7mafJGWvI8JfsZlrMvfifX
Waxahatchee,Right Back to It,https://open.spotify.com/track/17Zzi8qsn8mdm0t0JTGeQo
Waxahatchee,Lilacs,https://open.spotify.com/track/69Akwuscu16hdYN637eTis
Waxahatchee,Mud,https://open.spotify.com/track/7leOfpblnwIyAqr2u4hNZE
Waxahatchee,Fire,https://open.spotify.com/track/2lBEWXP11gpEySIXgA5ALH
Waxahatchee,Dollar Store (feat. Waxahatchee),https://open.spotify.com/track/4SjmBBhCee7FVc3xsw3FXo
Waxahatchee,Much Ado About Nothing,https://open.spotify.com/track/0nuneId81O8XGxUjSCL316
Waxahatchee,Crowbar,https://open.spotify.com/track/1uy1GgGTNRvSP3961dRH5p
Waxahatchee,Can’t Do Much,https://open.spotify.com/track/0sEJmxTlb2SZNxdjzBATPK
Waxahatchee,Problem With It,https://open.spotify.com/track/1lhQDa5Rit1iMpo4PQpIGO
Waxahatchee,3 Sisters,https://open.spotify.com/track/0AO3ejChi1gRBWvUDMH2kg
MJ Lenderman,Wristwatch,https://open.spotify.com/track/4j2DQgFAyVuKOBFpq4vEPR
MJ Lenderman,Dancing in the Club - MJ Lenderman Version,https://open.spotify.com/track/2aFkH4wK9nZbgtmlq411f2
MJ Lenderman,She's Leaving You,https://open.spotify.com/track/4hJ5jWbqstdYt555NhdtNk
MJ Lenderman,Joker Lips,https://open.spotify.com/track/2zFtMNj2s82nml4wSKbtyL
MJ Lenderman,You Don't Know The Shape I'm In,https://open.spotify.com/track/1ZBQPkEYHOv3LfgU6v0h0S
MJ Lenderman,Rip Torn,https://open.spotify.com/track/390va8aPXS8bx739aukb00
MJ Lenderman,Rudolph,https://open.spotify.com/track/0HJll1OUSh4FUrDUKG0ikX
MJ Lenderman,Manning Fireworks,https://open.spotify.com/track/6Ge9RrMoV65nlpjQ5YJOut
MJ Lenderman,On My Knees,https://open.spotify.com/track/3dhGBLwD6HF5e1SZg7B9Hf
MJ Lenderman,Knockin - Single Version,https://open.spotify.com/track/0ll3IRoSlJ461DTxW4Z7vc
Wet Leg,Wet Dream,https://open.spotify.com/track/260Ub1Yuj4CobdISTOBvM9
Wet Leg,catch these fists,https://open.spotify.com/track/11wHmDneCglIJZRMOMUhUw
Wet Leg,Chaise Longue,https://open.spotify.com/track/0nys6GusuHnjSYLW0PYYb7
Wet Leg,Being In Love,https://open.spotify.com/track/4VBE0mwU8Nmm8hiqfCe4Ve
Wet Leg,Ur Mum,https://open.spotify.com/track/4ug5wsIcbAPBun8TCKn2t6
Wet Leg,Angelica,https://open.spotify.com/track/3EwTIu5qka2l5ZekB0b6QC
Wet Leg,Too Late Now,https://open.spotify.com/track/0k8v4D655QaAyuRNvQ9d7K
Wet Leg,Loving You,https://open.spotify.com/track/0hRJrlZwrnM7Oalx4GLElX
Wet Leg,Piece Of Shit,https://open.spotify.com/track/6PGNpgfoGIpfZVJFHdK7bV
Wet Leg,C’est Comme Ça (Re: Wet Leg),https://open.spotify.com/track/5PA2Q9hBo1gmB3RlA8TZa2
Beabadoobee,the perfect pair,https://open.spotify.com/track/41P6Tnd8KIHqON0QIydx6a
Beabadoobee,Real Man,https://open.spotify.com/track/0OpC8hRrbsh24taKOsQBEX
Beabadoobee,Glue Song,https://open.spotify.com/track/3iBgrkexCzVuPy4O9vx7Mf
Beabadoobee,death bed (coffee for your head),https://open.spotify.com/track/7eJMfftS33KTjuF7lTsMCx
Beabadoobee,the way things go,https://open.spotify.com/track/5sA3i6SGkILMiZW6Fhx4wv
Beabadoobee,Beaches,https://open.spotify.com/track/1a19jsjG2DvbN1fVJonKUU
Beabadoobee,A Night To Remember,https://open.spotify.com/track/180AbZduI6bYQIzwCHRwu9
Beabadoobee,Glue Song (feat. Clairo),https://open.spotify.com/track/0tMMPZEt6Gyrl9FI8zSicm
Beabadoobee,Apple Cider,https://open.spotify.com/track/5xA5MggKc3aQxuOzNzPUWB
Beabadoobee,Tired,https://open.spotify.com/track/6F5mZpEEjhsAW8UEqbIpz1
"Black Country, New Road",Besties,https://open.spotify.com/track/4U9ZjqhaGF9wl56899E4sW
"Black Country, New Road",Happy Birthday,https://open.spotify.com/track/56Vk4WrIrTr3Jg7hReNZVb
"Black Country, New Road",The Place Where He Inserted the Blade,https://open.spotify.com/track/3k2kIiJqUiIP49iUcOLpWT
"Black Country, New Road",For the Cold Country,https://open.spotify.com/track/5FGMhsO9YBSakTgNX2rhFj
"Black Country, New Road",Two Horses,https://open.spotify.com/track/0U8E6CEaYmRwpm2JOFCER5
"Black Country, New Road",The Big Spin,https://open.spotify.com/track/3cVKy8GOboRUtsIFgeYU9J
"Black Country, New Road",Nancy Tries to Take the Night,https://open.spotify.com/track/3vtceW4EYrv3enjfz7MTff
"Black Country, New Road",Goodbye (Don’t Tell Me),https://open.spotify.com/track/1HLdk3NtbqeTMFcVWbv2G0
"Black Country, New Road",Salem Sisters,https://open.spotify.com/track/5kQOy15OnDkLP2pIFFjB1C
"Black Country, New Road",Socks,https://open.spotify.com/track/5mnB9OWlLTicLpS256bNId
The Jesus Lizard,Monkey Trick,https://open.spotify.com/track/7xNH5k9TmUiAQ8GFBNvJDS
The Jesus Lizard,Mouth Breather,https://open.spotify.com/track/11k6aATlAzdW6UTdC20UtU
The Jesus Lizard,Then Comes Dudley,https://open.spotify.com/track/5vazlZCYJK4IxBO6Q9Oii3
The Jesus Lizard,Nub,https://open.spotify.com/track/0javu4aPWbHqwgAkJrAsVl
The Jesus Lizard,Hide & Seek,https://open.spotify.com/track/1z7u1DmnMwjKBH1LAY3LOi
The Jesus Lizard,Gladiator,https://open.spotify.com/track/79r2tSK7dxVDKRgurVApOP
The Jesus Lizard,Seasick,https://open.spotify.com/track/2jm6RoPi1caRMLQ7V0LzN2
The Jesus Lizard,Boilermaker,https://open.spotify.com/track/0TAHq3TbT22cM2JCXOxV9V
The Jesus Lizard,Puss,https://open.spotify.com/track/0p18qiV1ce7yLmUouDko4H
The Jesus Lizard,Thumper,https://open.spotify.com/track/0ar7kvNdBppCI4J5g4lmBf
Amelie Lens,One Mind,https://open.spotify.com/track/2Y2Ydnk6XPTe4IpOTNs5Xh
Amelie Lens,Falling For You,https://open.spotify.com/track/6KmjD9CaophLMXTCzKoLLZ
Amelie Lens,Breathe,https://open.spotify.com/track/4gD1qMyIjDyz7Te8nlQEji
Amelie Lens,Feel It,https://open.spotify.com/track/6iKLdREEci9SyzXl9JNUVk
Amelie Lens,You and Me,https://open.spotify.com/track/4Elb9ia3RBhTDtJN8qe29k
Amelie Lens,Where Do We Go,https://open.spotify.com/track/1pjq6HahAijFavvVOVRP3E
Amelie Lens,Syren - Amelie Lens Remix,https://open.spotify.com/track/2CAWDnsgQ5zIXef4ONWmUK
Amelie Lens,In Silence,https://open.spotify.com/track/7sovMMhuknCR0PHianjiEq
Amelie Lens,Underneath The Strobelights,https://open.spotify.com/track/5fA9xb5xWLwNizZCZRjQUO
Amelie Lens,Follow,https://open.spotify.com/track/64O5KSVugmumgCRuQRRXh8
Caribou,Can't Do Without You,https://open.spotify.com/track/35p0Z5yZDogaXoWXhMVEv4
Caribou,Odessa,https://open.spotify.com/track/3iwH1DfB0Yq2uKhCv7SMxp
Caribou,Never Come Back,https://open.spotify.com/track/0Ej6OBBtMvhjaJvtt1vtUt
Caribou,Home,https://open.spotify.com/track/5k2LuHfNTJ2mCTj9tPtSaI
Caribou,You and I,https://open.spotify.com/track/3fE5R4go6pHVxwG3sR3Uza
Caribou,Climbing - Solomun Remix,https://open.spotify.com/track/0IfQHSXHZWuCWK7yrz3qfl
Caribou,Come Find Me,https://open.spotify.com/track/39hX87e2Ku7elpi5eBYZKM
Caribou,Honey,https://open.spotify.com/track/2wKwfXzNCAC7R2uCWhHVo9
Caribou,Broke My Heart,https://open.spotify.com/track/0awhbGQLQ0MiRw15gJ70FD
Caribou,Sun,https://open.spotify.com/track/4AcyXJTvy774APaDE45alo
Cat Power,Sea of Love,https://open.spotify.com/track/33kKcOJoyNduHwXhEnga8X
Cat Power,The Greatest,https://open.spotify.com/track/0OVXLPJPDCFn1IV6bFxY1N
Cat Power,Stay,https://open.spotify.com/track/2ilo3w0stilJKeQZS61FeN
Cat Power,New York,https://open.spotify.com/track/2YrwSskWmpYuS8ql61M13K
Cat Power,Manhattan,https://open.spotify.com/track/5T4Bf4aKOR4ewZBPJCYGVB
Cat Power,I Think Of Angels,https://open.spotify.com/track/2OiTeK0Cjs1zGu6ZiA4yC2
Cat Power,Metal Heart,https://open.spotify.com/track/4JeMpERu0LS3QhNoNG0cvZ
Cat Power,What The World Needs Now,https://open.spotify.com/track/0x7EvWqUCbSspdAmYocBOs
Cat Power,(I Can't Get No) Satisfaction,https://open.spotify.com/track/6dv99Xm7fEjm7K1ATHj1UG
Cat Power,Lived in Bars,https://open.spotify.com/track/32mIImwxWx41xGa2ipEbfN
Destroyer,Bad To The Bone,https://open.spotify.com/track/6s0NHplywwr1IjnQpUpWJk
Destroyer,"One Bourbon, One Scotch, One Beer",https://open.spotify.com/track/0s995gCthqnYJCWGvfKpNt
Destroyer,Who Do You Love?,https://open.spotify.com/track/5IM8nO58r5hk6qvoDrhWi1
Destroyer,I Drink Alone,https://open.spotify.com/track/2nIDPfhjHZP8UOXPenLZUC
Destroyer,Move It On Over,https://open.spotify.com/track/5iaBfR3xQnausmGgulSoJE
Destroyer,Get A Haircut,https://open.spotify.com/track/4BapXuAFLZlURi8Vyg16eE
Destroyer,Gear Jammer,https://open.spotify.com/track/0fBksbWGzxrnqqM45h4M7a
Destroyer,Madison Blues,https://open.spotify.com/track/30sL6BVhRXnn1UUtPlgqBe
Destroyer,You Got To Lose,https://open.spotify.com/track/6zxw5CZ2jMEbUsRZSS7Wn7
Destroyer,It Wasn't Me,https://open.spotify.com/track/5ypaFYztojGiCCfrXK5lf8
Cap'n Jazz,Smoky Sentimental Moments,https://open.spotify.com/track/3kiqxCwa7LNZH1ydbcVoa8
Cap'n Jazz,Wondrous Moods for December Dinners,https://open.spotify.com/track/0ZyPtxzgbGr7JO9sC1nx6S
Cap'n Jazz,Unique At Home Moments,https://open.spotify.com/track/1pwO90qomPdcJKCzboFJ25
Cap'n Jazz,Background for Work at Home Grooves,https://open.spotify.com/track/0lv1bRUVwUIbxD6KlTnbfc
Cap'n Jazz,Inspiring Music for Work at Home Grooves,https://open.spotify.com/track/0Jh0OawmmTiNxIcVNc7MFD
Cap'n Jazz,Remarkable Ambiance for At Home Moments,https://open.spotify.com/track/12aZPy0J0HPwMyaYqMjCdd
Cap'n Jazz,Vivacious Waltz - Vibe for Comfy Decembers,https://open.spotify.com/track/3JOQuLFOb7XzTDOxjNQVEU
Cap'n Jazz,Exquisite December Dinners,https://open.spotify.com/track/2CMsbO4LJ6khNn94SA0RNI
Cap'n Jazz,Majestic Ambiance for December Dinners,https://open.spotify.com/track/3K3AV2T2NxmMeJpKKsWJJ4
Cap'n Jazz,Opulent Backdrops for Hip December,https://open.spotify.com/track/5UzhkFYp7Gc1niR08ClG6L
Aminé,Caroline,https://open.spotify.com/track/5hTpBe8h35rJ67eAWHQsJx
Aminé,Arc de Triomphe,https://open.spotify.com/track/5THdCNXFd7JK1ayDYYvzwB
Aminé,REEL IT IN,https://open.spotify.com/track/5qHirGR7M9tdm6C17DlzSY
Aminé,4EVA,https://open.spotify.com/track/2S4HEo4LCcIbU1AcEQ4RQZ
Aminé,Egyptian Luvr,https://open.spotify.com/track/7hX6BNKMLU4O5S32srAtCC
Aminé,Sossaup,https://open.spotify.com/track/1jFcVCd4gKDiwmj7JsD8Jd
Aminé,Familiar,https://open.spotify.com/track/1bHjlcErAwz7qh8ME68iIR
Aminé,Vacay,https://open.spotify.com/track/2Z94scAOu1QPc9JBy4x44S
Aminé,Spice Girl,https://open.spotify.com/track/4HW5kSQ8M2IQWZhSxERvla
Aminé,Invincible,https://open.spotify.com/track/6VS7wKwtvL2FvTupYSWZ9e
Brutalismus 3000,Romantika,https://open.spotify.com/track/4nOOoo9OJbgnTBNHe5b6nD
Brutalismus 3000,DIE LIEBE KOMMT NICHT AUS BERLIN,https://open.spotify.com/track/2quJCirmxL0onIdjhmX5ml
Brutalismus 3000,Satan Was A Babyboomer,https://open.spotify.com/track/3IVrlcM5gDoj3lghHY9m7I
Brutalismus 3000,Europaträume,https://open.spotify.com/track/4qrBAShPdBpxCe0Yl2DXYT
Brutalismus 3000,9mm,https://open.spotify.com/track/6qn1myMSexJDtT0AGLwTXc
Brutalismus 3000,JE N'EXISTE PAS,https://open.spotify.com/track/25xqUhCDGyJejMANoigvrI
Brutalismus 3000,ALLEINE - Brutalismus 3000 RMX,https://open.spotify.com/track/3bfoE6deRVfiq1VBJcftti
Brutalismus 3000,Scee - The Dare Remix,https://open.spotify.com/track/510WK1VhywYbT8iyOuJrZp
Brutalismus 3000,badthiings (rip avicii),https://open.spotify.com/track/5DfmnhUS1s3m87fsDSedoe
Brutalismus 3000,Atmosféra,https://open.spotify.com/track/3sPjpqGIsdKJv3It9OHl27
Hinds,Dancing on a Cloud - Demo Recording,https://open.spotify.com/track/7aSLNg8wTXONWOBLKGGkQt
Squid,Doudou,https://open.spotify.com/track/5FWfHHkbge3bNhEcnw8319
Squid,Fashion,https://open.spotify.com/track/1e24hAyHMfUyrnIG5FcjrC
Squid,Rose,https://open.spotify.com/track/0FDN70yq5AecW2DUtcfNpe
Squid,On Ira,https://open.spotify.com/track/565OBXlZlMmtddb3I2yxBn
Squid,Baby (feat. Squidji),https://open.spotify.com/track/16wnivOwI32nSM7fDxyhxY
Squid,Feeling,https://open.spotify.com/track/5w6WBUQTvztZh8NMQzvtAI
Squid,Mea culpa,https://open.spotify.com/track/4mw4rqGiaYMwgq9ReV8mW3
Squid,SUBARU (feat. Josman),https://open.spotify.com/track/0moO2WmKQcEPxig2qA93xU
Squid,Darkskin,https://open.spotify.com/track/3Fu6a7EaI7aCH6coZvFeSd
Squid,PARADIS BLEU,https://open.spotify.com/track/0puzIegq498efzY2EQ5zli
Alan Sparhawk,Stranger,https://open.spotify.com/track/5bzqxcGIjHfedPnRQUJNZC
Alan Sparhawk,Get Still,https://open.spotify.com/track/3Xh6qHiUqKm6t5J8NlzKnF
Alan Sparhawk,Point of Disgust,https://open.spotify.com/track/6yJjOt9V88HpkRRwPGbgSc
Alan Sparhawk,Can U Hear,https://open.spotify.com/track/056031SGRkM6nt4SVtmzaF
Alan Sparhawk,I Made This Beat,https://open.spotify.com/track/6KGChdhsDzYrUIi8JfPgcd
Alan Sparhawk,Heaven,https://open.spotify.com/track/5OXWkWQwKSkIDobxzlFhp1
Alan Sparhawk,Vaster Than Empires (featuring Alan Sparhawk),https://open.spotify.com/track/4KF3lAWZe5ZW6buU2RZ50Y
Alan Sparhawk,Brother,https://open.spotify.com/track/4ae3O2bTEtCyf8vk7oEG2c
Alan Sparhawk,Black Water,https://open.spotify.com/track/2AAEicvHWQJcboyh10PQ0x
Alan Sparhawk,Not the 1,https://open.spotify.com/track/6ANsuzhdclhbRyk7AalQZr
Floating Points,Falaise,https://open.spotify.com/track/3rkJH9BaiCWpRY718WTkBP
Floating Points,Anasickmodular,https://open.spotify.com/track/78Ct2qlEtSMw3CG6zWwAyz
Floating Points,Sea-Watch,https://open.spotify.com/track/343MTAHIcZRw91arzrMeDs
Floating Points,Back to Basics (feat. Skepta) (Floating Points Remix),https://open.spotify.com/track/7JvuiP16UTKCnieS9E2Bg3
Floating Points,Birth4000,https://open.spotify.com/track/658gtQhSGDuPtIlpCSqNek
Floating Points,Dexion,https://open.spotify.com/track/4LbZlEYqVCd6ITabD4jUDd
Floating Points,Wires (Lazarus Version),https://open.spotify.com/track/4Wjhmh0mRCKDSBCMcIyWut
Floating Points,Movement 6,https://open.spotify.com/track/15JPLvzw97Nmf54scG5tqH
Floating Points,Total Eclipse (feat. Miriam Adefris),https://open.spotify.com/track/1UzyYzTdYEqUiE40YNfZAA
Floating Points,Del Oro,https://open.spotify.com/track/3YGFZ8rIsAA5zQvvoeCaW0
Michael Bibi,Sungazing - Electronic Mix,https://open.spotify.com/track/0H72o8QdyYc57jNkvYwfAX
Michael Bibi,Different Side,https://open.spotify.com/track/76Lq3l4TEzt2javAjXezAr
Michael Bibi,La Murga - Michael's Midnight Mix,https://open.spotify.com/track/5WflSPLMwrHGN45N4L8sT0
Michael Bibi,Got The Fire,https://open.spotify.com/track/6FzTK4thuT68kM23BLFjTo
Michael Bibi,Bocat - Michael Bibi Remix,https://open.spotify.com/track/32eqGAgvDMAucaoD7es7uv
Michael Bibi,PARADISE,https://open.spotify.com/track/2Cs4mEePwjlBLqOVOPEgIH
Michael Bibi,Lemonade,https://open.spotify.com/track/5LAbdYCh4FxdrGqMUcqJsQ
Michael Bibi,Garden Of Groove,https://open.spotify.com/track/32HarggWSwlojlgL7TbOsW
Michael Bibi,Shaolin Dreams,https://open.spotify.com/track/2sGFufjNzWIVBp5vRR7Sgm
Michael Bibi,Otto's Chant,https://open.spotify.com/track/3j8PXtq0NN7QQVdNwkoFBe
Magdalena Bay,Killshot,https://open.spotify.com/track/0LJTfmgOMvlLd0u4HU9twm
Magdalena Bay,Killshot - Slowed + Reverb,https://open.spotify.com/track/6pdyvJQkPkwo2WoDH7tFHO
Magdalena Bay,Image,https://open.spotify.com/track/0QW0KPBXXv67haGjbtkRRB
Magdalena Bay,Death & Romance,https://open.spotify.com/track/5m3rVRNkTv5EQnPuF293we
Magdalena Bay,Killing Time,https://open.spotify.com/track/7fvld2LGlUhz15CjeaLewh
Magdalena Bay,Love Is Everywhere,https://open.spotify.com/track/2ZSDtC0XZnpokAMwRtgqzh
Magdalena Bay,Cry for Me,https://open.spotify.com/track/4rVs9KjC3YVA7v54kVSHUV
Magdalena Bay,"Fear, Sex",https://open.spotify.com/track/5pUl86WPdIEncWK57kGcOY
Magdalena Bay,Messy Hair,https://open.spotify.com/track/5TBvQZLNHpCvYLiO98FjEg
Magdalena Bay,Vampire in the Corner,https://open.spotify.com/track/6O6VDSgm7Cxrk7kIJhyIFo
Feeble Little Horse,This Is Real,https://open.spotify.com/track/4LYXtoiuM9xEmxklVvQnLl
Feeble Little Horse,Freak,https://open.spotify.com/track/3YhPmmnigtDxukWdqlQXrF
Feeble Little Horse,Paces,https://open.spotify.com/track/6RiF8SC99TQlhS1HkdM7sF
Feeble Little Horse,Steamroller,https://open.spotify.com/track/5t4lCUVCHh65FOgYH1xxPN
Feeble Little Horse,Tin Man,https://open.spotify.com/track/5W6KtuTeceMUqu7zW4JNdi
Feeble Little Horse,Chores,https://open.spotify.com/track/6Z7iEn0fnabkVCgnR50YbA
Feeble Little Horse,Slide,https://open.spotify.com/track/1fHPagoCoxC0kDkHRG2wtv
Feeble Little Horse,Picture,https://open.spotify.com/track/2fqqw29nKkLUd4qACp0WOV
Feeble Little Horse,Sweet,https://open.spotify.com/track/05vnmfSANBVUgbHuZ6cc8W
Feeble Little Horse,Dog Song 2,https://open.spotify.com/track/38o4QGAJgtqmhQw3SE0gZR
Julie,Mach die Robbe,https://open.spotify.com/track/4mhzPNVRZ36usOplPQ3xxZ
Julie,Opus Dens (Zahnfee),https://open.spotify.com/track/5OIOk7ImacWPX8mDx6FQft
Julie,Ist Ok.,https://open.spotify.com/track/0t6o45xxg5yC4O5NYVaCkT
Julie,Fieber Flow (Sandmann),https://open.spotify.com/track/6i9uHdYQEw7X4UnBh6dqOA
Julie,Bunny Bars (Osterhase),https://open.spotify.com/track/6WebNoyy2Z4EvmCCPr7vPM
Julie,Tut uns leid,https://open.spotify.com/track/1lve20hRCW1g8qlLyLAqXQ
Julie,Adios,https://open.spotify.com/track/6KTWxpjO3gVRjq24vxiMYi
Julie,Der Maskenboss,https://open.spotify.com/track/3j7WosVzcbqQ0jTV6CGhoP
Julie,Nie genug geliebt,https://open.spotify.com/track/4DQ7mmVJh2ojxjmhJSOF4R
Julie,Vertrau Babe,https://open.spotify.com/track/1bTA1RUujrbXYdFqWsjIZ4
Christian Lee Hutson,Lose This Number,https://open.spotify.com/track/3zLQk7yhi0F8QPHU1dBBPG
Christian Lee Hutson,Northsiders,https://open.spotify.com/track/4EPLcAKK32fBbMi8yu4aSd
Christian Lee Hutson,After Hours,https://open.spotify.com/track/4uqpRmqGytCz8syznJtOh6
Christian Lee Hutson,Rubberneckers,https://open.spotify.com/track/5bFCQlmeLTKT25oga5ltiA
Christian Lee Hutson,Carousel Horses,https://open.spotify.com/track/45ZAsEXNqxpB7krlsLvddC
Christian Lee Hutson,Endangered Birds,https://open.spotify.com/track/1Lc2nrm41dPTjfRrIleWYO
Christian Lee Hutson,Atheist,https://open.spotify.com/track/1G24yZgfwpRAPfhJuP2nt4
Christian Lee Hutson,You're Still The One,https://open.spotify.com/track/3CYKWdB5yBUxYu9PGlJopG
Christian Lee Hutson,Candyland,https://open.spotify.com/track/6vl5rI6xfZMKUbRIAlC9KP
Christian Lee Hutson,Beauty School,https://open.spotify.com/track/1843y7Qr7Dp0pvkwbmukUP
Parcels,Tieduprightnow,https://open.spotify.com/track/66tkDkPsznE5zIHNt4QkXB
Parcels,Overnight,https://open.spotify.com/track/0hhXziDUO0wNYPsstDQWN6
Parcels,Gamesofluck,https://open.spotify.com/track/0rdWkO7ncrh1lrJGDmLq9L
Parcels,Lightenup,https://open.spotify.com/track/1qtiESAzfGMw3YqJvI97ki
Parcels,IknowhowIfeel,https://open.spotify.com/track/2IFaUS63AIAr9P46W1lEwt
Parcels,Safeandsound,https://open.spotify.com/track/0krZJTkVX0szMqd1VYBGK4
Parcels,Leaveyourlove,https://open.spotify.com/track/5GGHmGNZYnVSdRERLUSB4w
Parcels,Anotherclock,https://open.spotify.com/track/2PHMNg5e3xMGR0oTLmdj0U
Parcels,Hideout,https://open.spotify.com/track/7z5R6cbZpB4njz080aA6u2
Parcels,Somethinggreater,https://open.spotify.com/track/1Uxti0PEEdieT526B8dAxZ
Carolina Durante,Normal,https://open.spotify.com/track/3oag6xsH3APi2oHU8hVp8E
Carolina Durante,Yo pensaba que me había tocado Dios,https://open.spotify.com/track/3vCqHuVYx7zWyAqhKVjFh0
Carolina Durante,Hamburguesas,https://open.spotify.com/track/3JXMMgUn1tPAm92L7lcfeq
Carolina Durante,Perdona (Ahora Sí Que Sí),https://open.spotify.com/track/1AODZVWUeYlsKoFTo2iyEA
Carolina Durante,Joderse La Vida,https://open.spotify.com/track/3n8mN2Gdvd1N9GW6yCpcJV
Carolina Durante,Probablemente Tengas Razón,https://open.spotify.com/track/2ZwUrfpPn54mhb7MpDkT3i
Carolina Durante,Tempo 2,https://open.spotify.com/track/0l38tZfoBXFkl0MF0wrA8t
Carolina Durante,Misil,https://open.spotify.com/track/38S37OyXCUUnIk3DrvoBUv
Carolina Durante,Elige Tu Propia Aventura,https://open.spotify.com/track/5VMnyformS68rUvoNFGqKM
Carolina Durante,"Verdes, Césped",https://open.spotify.com/track/1pqREJ3eSKmINSVY6zqcmE
Amaia,Quiero Ser,https://open.spotify.com/track/2SxtZcr9RPVvKnVPqUmiPe
Amaia,El Regalo Mas Grande,https://open.spotify.com/track/04Iy6yPAN0LabpfZbH9jq0
Amaia,Te Voy A Decir Una Cosa,https://open.spotify.com/track/6U18mQj23qWcKdcRukdZnm
Amaia,Los Abrazos Rotos (with Alex Ubago),https://open.spotify.com/track/3959gzK7VGjdTWbY9NpkkE
Amaia,Darte Mi Vida,https://open.spotify.com/track/1P3D5Bo1gOSEfA9jhI2j8v
Amaia,"4 """,https://open.spotify.com/track/7zHlWEOxOTYTVQltaM8go1
Amaia,Palabras,https://open.spotify.com/track/4A3zrMMrH9R4Gj8H5Z2Y80
Amaia,Nacidos para Creer,https://open.spotify.com/track/5ImkwqUzIrxmVzdVg8Rf68
Amaia,Chiquitita - Spanish Version,https://open.spotify.com/track/1pxONouV0aTwiM5FeQQdvH
Amaia,Donde Estabas,https://open.spotify.com/track/7eL9KCJRbIegRrw6rxPzVp
Young Beef,Im A Star,https://open.spotify.com/track/1FR8tCJZilcTBUaa1bzutt
Young Beef,Mud,https://open.spotify.com/track/5kWqbDGPEIPLiO7LYnSjRk
Young Beef,Beat The Odds,https://open.spotify.com/track/3ePdy2BJ32LwR1VIb1s4b0
Young Beef,Body,https://open.spotify.com/track/5fUrJn0mJckjONJdrqsToo
Young Beef,Late Night,https://open.spotify.com/track/0IhiL2NW1QKqZ1d81vbjaA
Young Beef,Talk My Shit,https://open.spotify.com/track/6VK6CsWvfJuFASjLNPMDYN
Young Beef,Peace Of Mind,https://open.spotify.com/track/0GXpWDEk28y9XVxZbuSyfg
Young Beef,Under Dog,https://open.spotify.com/track/4zAeqEs5FOhGxz7MwELtSD
Young Beef,We Out Here,https://open.spotify.com/track/1QrEaKh1nW5esY0AAAJ8uf
Young Beef,Shine,https://open.spotify.com/track/0zpxatWss402rLb3wDPQQD
Armand Van Helden,Bonkers,https://open.spotify.com/track/6ddQ5KCkvCggk3j6KdA0zL
Armand Van Helden,My My My,https://open.spotify.com/track/653rxW1E7V52QWh6a7oIdS
Armand Van Helden,I Want Your Soul,https://open.spotify.com/track/1uqnKeoy55KA6LqoOiW4Pm
Armand Van Helden,You Don't Know Me (feat. Duane Harden) - Radio Edit,https://open.spotify.com/track/7BpyfQEmvi0sUmOq29plEE
Armand Van Helden,Barbra Streisand - Radio Edit,https://open.spotify.com/track/782lNGn2rEHVn8JomdtRA7
Armand Van Helden,Wings (I Won't Let You Down),https://open.spotify.com/track/0QZyAYqpbsfnBfZ4vMRSVd
Armand Van Helden,U Don't Know Me (feat. Duane Harden),https://open.spotify.com/track/0TN9m8rp3ZuNi4JwCKSans
Armand Van Helden,Ask Me,https://open.spotify.com/track/22RCqQ7mzUYsDr5UgB0ZLE
Armand Van Helden,The Music Began To Play,https://open.spotify.com/track/5jOhS3S7vTj9yQ4UmEk8qj
Armand Van Helden,I Want Your Soul - Original,https://open.spotify.com/track/5WEYk2b7fdg0hl42Ts3f4I
Dummy,AKWARELE,https://open.spotify.com/track/41q8wLIZcUbsgjYJU0o6D2
Dummy,Members Only Cypher,https://open.spotify.com/track/25pFooAs8Xsd2JP1Z4Z6MM
Dummy,PATRZ TY,https://open.spotify.com/track/56vrs8DDX0JRDkc7gqCMRW
Dummy,SPICY BULLETS,https://open.spotify.com/track/2v0j9vnpoJByrCrmzb4Iqa
underscores (2nd of June),harvest sky,https://open.spotify.com/track/3M8bJdRfYj1S5iKZIgwAnH
underscores (2nd of June),Poplife,https://open.spotify.com/track/2cClnOEBnNJWxbLuTFVIgK
underscores (2nd of June),Locals (Girls like us) [with gabby start],https://open.spotify.com/track/0MK6lVnmhVulpP62vkZBWV
underscores (2nd of June),Stupid (Can’t run from the urge),https://open.spotify.com/track/51vRYl0OqozBFkhBzAPzKI
underscores (2nd of June),Spoiled little brat,https://open.spotify.com/track/724utiMbqUfT1g3tqbfQYu
underscores (2nd of June),Cops and robbers,https://open.spotify.com/track/08AznbP5RLxjaFOZTqOI9w
underscores (2nd of June),Johnny johnny johnny,https://open.spotify.com/track/60qaApzoNFsAXhhPc5zDxh
underscores (2nd of June),Second hand embarrassment,https://open.spotify.com/track/1PEPcLm2QEo0HCRIhQjPq1
underscores (2nd of June),Old money bitch,https://open.spotify.com/track/69G9nIj6Pb1HfqFXa9DGFs
underscores (2nd of June),Your favorite sidekick,https://open.spotify.com/track/0VNjaRcmIowjLbPtYDhLuh
Christopher Owens,No Good,https://open.spotify.com/track/4Wh3hVW207IzfIrz533uWw
Christopher Owens,I Think About Heaven,https://open.spotify.com/track/1zE9GVExVlxNLplH6I4jRw
Christopher Owens,Heroine (Got Nothing on You),https://open.spotify.com/track/3DpaxjcG2pmkvFRd8aPjx0
Christopher Owens,Beautiful Horses,https://open.spotify.com/track/5i3h1TIZUDwJOa3mZ9G9l2
Christopher Owens,Do You Need A Friend,https://open.spotify.com/track/77HLkDgrUJDi4kAZRYhgFf
Christopher Owens,No Good - Audiotree Live Version,https://open.spotify.com/track/4ShdMI8fqiwnao72EVznpL
Christopher Owens,I Know,https://open.spotify.com/track/2VJLm9xw1UgqjCqqdKfHLj
Christopher Owens,This Is My Guitar,https://open.spotify.com/track/4nlrpg9EnRoBHblxD68ZYH
Christopher Owens,White Flag,https://open.spotify.com/track/6KfoYq6WvvCMmljpiUOahv
Christopher Owens,Jamie Marie - Audiotree Live Version,https://open.spotify.com/track/0Lct8NjfpXYCB1CiBVmpUC
Huir,Triumphal,https://open.spotify.com/track/1Nep3bQWX2teqjyFX0LK5k
Huir,Lovers (R. Missing Remix),https://open.spotify.com/track/1okRPQsNPqnwcYzIchSMaO
Huir,Lovers,https://open.spotify.com/track/6kKRXTsnd1lkkV1wQQue5o
Huir,Arch (Fragrance Remix),https://open.spotify.com/track/7lpX0KOVs9lbrVcnTmmOlT
Huir,Vital,https://open.spotify.com/track/6p910PNwmcfJCHZp3EAFVb
Huir,Vital (The KVB Remix),https://open.spotify.com/track/2H4Y777WcfZij47oZpM0nm
Huir,Arch,https://open.spotify.com/track/3dEAzZ5zTvDZCCPPOtUpco
Huir,Triumphal (Buzz Kull Remix),https://open.spotify.com/track/1UmnFyWtRFmL8JpOGHCh6k
Nilüfer Yanya,Like I Say (I runaway),https://open.spotify.com/track/7f57Tz3uydJkSuVsQ7sj4l
Nilüfer Yanya,Cold Heart,https://open.spotify.com/track/5WRdonm8caliL2JA6fT2fL
Nilüfer Yanya,Just A Western - Boy Harsher Remix,https://open.spotify.com/track/27824hvVGxllQecjb1dqDg
Nilüfer Yanya,Just A Western,https://open.spotify.com/track/34of90TBvf1ItuoFxUyruy
Nilüfer Yanya,Method Actor,https://open.spotify.com/track/0sggL2BsarV5q8acXljmWI
Nilüfer Yanya,Hey,https://open.spotify.com/track/5TpgvBMHTLlAj7gzQcfUJ7
Nilüfer Yanya,Mutations,https://open.spotify.com/track/0CPNtInZtdxtWNOBN5Nkhu
Nilüfer Yanya,midnight sun,https://open.spotify.com/track/7FMG6KTqNPzTnPTDiMfyJs
Nilüfer Yanya,Made Out Of Memory,https://open.spotify.com/track/4n53hJa0qhqzytUxtUUriD
Nilüfer Yanya,Call It Love,https://open.spotify.com/track/17CRKNVXAGdX6Z2VvRz4ai
Youth Lagoon,17,https://open.spotify.com/track/5UVBumEwdUnzvqxrXOYLFA
Youth Lagoon,Gumshoe (Dracula From Arkansas),https://open.spotify.com/track/4I939vqD5prXBpMlyDjbuw
Youth Lagoon,Football,https://open.spotify.com/track/3XqJHXfXFwThWGl42Iw7hD
Youth Lagoon,Cannons,https://open.spotify.com/track/1tgLMyNVmgtLJcOfE0wbyJ
Youth Lagoon,Speed Freak,https://open.spotify.com/track/1iXfoYeTjwyXPG4MX2IqHv
Youth Lagoon,Idaho Alien,https://open.spotify.com/track/5tXmLuTtEotbR4uImDHhho
Youth Lagoon,Lucy Takes a Picture,https://open.spotify.com/track/6IuW3gzamdr88gtICc7fUu
Youth Lagoon,Neighborhood Scene,https://open.spotify.com/track/2kgTCdftXDfT8idrJdvGUp
Youth Lagoon,Seersucker,https://open.spotify.com/track/04TvUVAkCq2GhBxFteQTIv
Youth Lagoon,Rabbit,https://open.spotify.com/track/6zOy33O1PzuGWzDnjsfXLe
Allie X,Bitch,https://open.spotify.com/track/2RHACQ60QdCc5rPtM5NciW
Allie X,Devil I Know,https://open.spotify.com/track/6KF3l0dtaqHanpwJVmz3mB
Allie X,Susie Save Your Love,https://open.spotify.com/track/5jYkyOIoEeWZobedmHM50N
Allie X,Paper Love,https://open.spotify.com/track/0lJRiK4cXdgFqpNB53yFLN
Allie X,Bon Voyage,https://open.spotify.com/track/0zDtr9z6sdZmP97h8EtEJ2
Allie X,Black Eye,https://open.spotify.com/track/5nYpmbQBquInLIX268dE4c
Allie X,Off With Her Tits,https://open.spotify.com/track/2ohzeQAVgFSt5jnikuIWDD
Allie X,Downtown,https://open.spotify.com/track/0XXkQk83TjaGoPndxWLHKr
Allie X,Weird World,https://open.spotify.com/track/116ORJSOi1UltDApfKABzj
Allie X,Mistress Violet,https://open.spotify.com/track/7GCuGDn4lnGyhxmvoda7eV
Lambrini Girls,Cuntology 101,https://open.spotify.com/track/3wCJGNuWIoeKHsrZdAybiO
Lambrini Girls,Love,https://open.spotify.com/track/4Bk7wqOixpEsDtNM39YZ0e
Lambrini Girls,God's Country,https://open.spotify.com/track/4UccUaOQ6lU7kAffOVgz1d
Lambrini Girls,Big Dick Energy,https://open.spotify.com/track/77oKfNLyXNAWYPTmpCCFNT
Lambrini Girls,Company Culture,https://open.spotify.com/track/6Svm9cZMKVHOII0NECMhiy
Lambrini Girls,Body of Mine,https://open.spotify.com/track/18DJZuLkgGwKtSDeOMrUsB
Lambrini Girls,No Homo,https://open.spotify.com/track/3hny5KnDeOwSOJh8vJIsOo
Lambrini Girls,Bad Apple,https://open.spotify.com/track/5pWHXtj4OyOLVoQZHpuXBK
Lambrini Girls,Lads Lads Lads,https://open.spotify.com/track/3QL6ySMAq85DunV286RBVS
Lambrini Girls,Nothing Tastes As Good As It Feels,https://open.spotify.com/track/5CZVAq0vKiE7iVeJbjLl67
Pipiolas,La Niña Bonita,https://open.spotify.com/track/2c3lMbgjqaDkQ1dyRXi9Ma
Pipiolas,Bailas o Qué?,https://open.spotify.com/track/2gjY4zL28vNwoFseiNBWyU
Pipiolas,Narciso,https://open.spotify.com/track/5DxFJCdu8sCaJSKZKMvY1j
Pipiolas,Todas Las Horas,https://open.spotify.com/track/4ab93Pggn9DYe0jfppmfGi
Pipiolas,Domingo raro,https://open.spotify.com/track/5oIimsik0e9DfnxfU9pO28
Pipiolas,Llorarme,https://open.spotify.com/track/5jqnWQgu6aENgaG8bwjqdJ
Pipiolas,Romancero Propio,https://open.spotify.com/track/3ZGDdRdJflf3Dmy8akwwbu
Pipiolas,No Soy Un XoXo,https://open.spotify.com/track/3jNkGcw80IpngKFb6vI2L8
Pipiolas,San Peter,https://open.spotify.com/track/38aKUN8gS2u6fjRxNVVkdS
Pipiolas,Baby,https://open.spotify.com/track/6tGmBF1iK2pA8sauwZmBcl
Big Special,BLACK DOG / WHITE HORSE,https://open.spotify.com/track/1LD2SFCu4lmrTwxnA6TCqQ
Big Special,SHITHOUSE,https://open.spotify.com/track/1QQ9vNg4MS5KZbetXburJP
Big Special,BLACK COUNTRY GOTHIC,https://open.spotify.com/track/4bdRkbM86QXBePsF6cswUV
Big Special,TREES,https://open.spotify.com/track/1oUFXpHubAPFXmY5GjiJje
Big Special,SHITHOUSE - Single Edit,https://open.spotify.com/track/3Z0plpYPiW6USoQ1pr4WLu
Big Special,DESPERATE BREAKFAST,https://open.spotify.com/track/78qJ0LR4gWZg6XsnECtcCi
Big Special,THIS HERE AIN'T WATER,https://open.spotify.com/track/3Y8rM6nNYaEHEUCYTe8wjL
Big Special,I MOCK JOGGERS,https://open.spotify.com/track/37ajlRLXuDcWn3fXPBf6vX
Big Special,"STAY DOWN, LAZARUS",https://open.spotify.com/track/6OAKPDxCn2z42JklFVtMSF
Big Special,DiG!,https://open.spotify.com/track/05g5n5scPz2MvMDZrrm9tc
Good Looks,I Have the High Ground,https://open.spotify.com/track/6pyWvbCDm22Q7nyKtTAIgt
Good Looks,Hello (from the dark side),https://open.spotify.com/track/0pd8LatdlXyMLc5lGOFs74
Good Looks,Bad Batch,https://open.spotify.com/track/0ta3z17k55QOXkwATbo4mj
Good Looks,The Grand Admiral,https://open.spotify.com/track/3n8jTmkcodjqIx2NjRFdSO
Good Looks,Dark Side Light Side,https://open.spotify.com/track/1uNH5awGFBtfaAl7liUc8p
Good Looks,Fallen Jedi Knights,https://open.spotify.com/track/1i6O4zN30XAhXm9zWbfmkD
Good Looks,I Am Your Father,https://open.spotify.com/track/4cm2Xoc6g8f4s8FDhQUSsK
Good Looks,Last Jedi Knight,https://open.spotify.com/track/5FutsjF2TAW6mr2v4m0fUA
Good Looks,Long Live the Empire,https://open.spotify.com/track/5JuyIsymFIjfizCZaag6y7
Good Looks,"Aye Aye, Captain!",https://open.spotify.com/track/0DYy60HMOMNAVbkFuoBE2b
Dave P,"Hold On, I'm Comin'",https://open.spotify.com/track/6PgVDY8GTkxF3GmhVGPzoB
Dave P,Soul Man,https://open.spotify.com/track/4eGHlplaq1ME8oetnTuFFf
Dave P,Soothe Me,https://open.spotify.com/track/3pL0x4IUqemNfzJPn5Hvbi
Dave P,When Something Is Wrong with My Baby,https://open.spotify.com/track/6C0v3MKZdb8TQMlcCIupd7
Dave P,"Hold On, I'm Comin' (Rerecorded)",https://open.spotify.com/track/5z8r5q7gB6zm0w7Yrm6i4y
Dave P,Wrap It Up - LP / Single Version,https://open.spotify.com/track/4LcRY96OlLca0bcUZcTStU
Dave P,I Thank You - LP / Single Version,https://open.spotify.com/track/0c2Gc3qrijvGkr0mZ8iKxq
Dave P,Don't Turn Your Heater On,https://open.spotify.com/track/363XkT9s4ybMtN1n1dourl
Dave P,Bring It on Home (Rerecorded),https://open.spotify.com/track/5yFFsKCSu6AhykzAfHgC0i
Dave P,You Don't Know Like I Know - LP/Single Version,https://open.spotify.com/track/0bWdtUzitoLGHvoRvu5ngq
Fcukers,Bon Bon,https://open.spotify.com/track/4Dr5pBJktWX8aZckCznE6q
Fcukers,Homie Don’t Shake,https://open.spotify.com/track/3jlacMjHZ9VGCOmz5CjHE0
Fcukers,Summer 2000 (Fcukers Remix),https://open.spotify.com/track/2ddjbPbaOFMaM7Q7UKr7xI
Fcukers,I Don’t Wanna,https://open.spotify.com/track/7qkScg9F6NUKFxfX16qtWb
Fcukers,UMPA,https://open.spotify.com/track/470IhQSaAri29VEf2BZq7s
Fcukers,Tommy,https://open.spotify.com/track/38piSUlzLXLqHqgrxSO4zE
Fcukers,Mothers,https://open.spotify.com/track/7HwsHnOYth2MsW25gDEGWV
Fcukers,Bon Bon - Andrew VanWyngarden Remix,https://open.spotify.com/track/4Ymu3zPYn8VNwLdGwrL598
Fcukers,Heart Dub,https://open.spotify.com/track/6YOzFoMadiyRiXSYcBkshT
Fcukers,Bon Bon - Confidence Man Remix,https://open.spotify.com/track/5JjzX4mDn31502bewW6Pdn
Kelly Lee Owens,Love You Got,https://open.spotify.com/track/2eV02vbTQJkBh6R839ojjm
Kelly Lee Owens,Dreamstate (yunè pinku remix),https://open.spotify.com/track/0hJFPliAnUoTVFIPNlJHna
Kelly Lee Owens,Dreamstate,https://open.spotify.com/track/6jpMHF5tzxRdWExRDoDG87
Kelly Lee Owens,Arpeggi,https://open.spotify.com/track/6OQTJ7llyUiejKFxR4MUuy
Kelly Lee Owens,Sunshine (Miso Extra remix),https://open.spotify.com/track/6CO7hvLUBiXkZTGneDcxdQ
Kelly Lee Owens,Rise (Or:la remix),https://open.spotify.com/track/1OVHo3HiEfPBkDoJ5dBpba
Kelly Lee Owens,Higher,https://open.spotify.com/track/3irMUSoDur3DQylLZwrZHM
Kelly Lee Owens,Bird,https://open.spotify.com/track/2278Bt6LM1PRIrHdJAwRII
Kelly Lee Owens,To Feel Again / Trois,https://open.spotify.com/track/4ho6jJU2nbX0NbiF33i4tX
Kelly Lee Owens,Throwing Lines,https://open.spotify.com/track/6gMK2mbRr78BnRCEucoGfi
Nathan Shepherd,PURGE,https://open.spotify.com/track/2hBrIOr4L42IcgMHUKdoWa
Nathan Shepherd,I SHOULD HAVE,https://open.spotify.com/track/7jzI3TMmO9H43iGWwhaFrc
Nathan Shepherd,WALK AWAY,https://open.spotify.com/track/72hgLDfNsxdT81AMtBfJBp
Nathan Shepherd,ANIMALS,https://open.spotify.com/track/3vOOVm1YAMY8QU7WlnE91Y
Nathan Shepherd,HOLD ON,https://open.spotify.com/track/28WKB53lWusRWsZ7CHycI6
Nathan Shepherd,ME,https://open.spotify.com/track/1qwmiq6INkxlRuRh7xJP42
Beach House,Space Song,https://open.spotify.com/track/1ZgMsA55GIY7ICkQh5MILA
Beach House,Master of None,https://open.spotify.com/track/3stWWPN41byqp8loPdy92u
Beach House,Silver Soul,https://open.spotify.com/track/56eSclzdXaWU5jOJ7DX7Vp
Beach House,Myth,https://open.spotify.com/track/2Zw3HNjaNV42LnQ2uY5JQs
Beach House,Wildflower,https://open.spotify.com/track/44ZdzQCcGwjyweRELhs5qM
Beach House,PPP,https://open.spotify.com/track/45oBuExKn34tep5nf585jQ
Beach House,Take Care,https://open.spotify.com/track/2aydv0bsXbIZg3Sk2S6u86
Beach House,Lazuli,https://open.spotify.com/track/2TIJiqr72Qe9tGd26fStIN
Beach House,Lemon Glow,https://open.spotify.com/track/26CfdVmYf0hNvP6SJXF0vQ
Beach House,Wherever You Go,https://open.spotify.com/track/1wXTo1bgfYGIhpP9reKTy2
Momma,Arbo3ath n9awit,https://open.spotify.com/track/29GkapQdSBXVzKWxEtPFTu
Sailor Honeymoon,Bad Apple,https://open.spotify.com/track/08q0upWHiRYD08Pb6Dd27Y
Sailor Honeymoon,PMS Police,https://open.spotify.com/track/0O0GhdAcMZsprSzwsDVi4x
Sailor Honeymoon,Cockroach,https://open.spotify.com/track/3dX4DigiUmWX9LDDBjUKVh
Sailor Honeymoon,In Dreams,https://open.spotify.com/track/5Sp9hBvN38UIMxyfSdiajR
Sailor Honeymoon,Fxxk Urself,https://open.spotify.com/track/2yXxA6sI8rdsTpGGg8ikxE
Sailor Honeymoon,두부천원 (Tofu is $1),https://open.spotify.com/track/1cOH55jYmNd8gxk9oMBehK
Sailor Honeymoon,Tired Angels,https://open.spotify.com/track/71H1KpIXlqmbCMEyaUmp7b
Sailor Honeymoon,Count To 5,https://open.spotify.com/track/0SQWXA9jDJqVfqaJsIz77j
Sailor Honeymoon,Cockroach - Zaeeun Remix,https://open.spotify.com/track/0ksKyMPxkaDI5TnamF5MCr
Chat Pile,I Am Dog Now,https://open.spotify.com/track/3JHV9pB45aEU8H77W7pnGe
Chat Pile,Masc,https://open.spotify.com/track/7rmubB7CWxuSfSGSoFHZRE
Chat Pile,Shame,https://open.spotify.com/track/3bSoDjuNt7Z61p2dInCEkd
Chat Pile,Frownland,https://open.spotify.com/track/4LApmgmE0i3Y8vntkQPqgz
Chat Pile,Funny Man,https://open.spotify.com/track/1S4lb4OTsuEZFTiROTX8Ba
Chat Pile,Why,https://open.spotify.com/track/4Dgro3nLadAhwTIgNsNt57
Chat Pile,Camcorder,https://open.spotify.com/track/1f8gNBM12urFIqZZhMeYtt
Chat Pile,Slaughterhouse,https://open.spotify.com/track/66AylJWCrknRTguI3L6Cbq
Chat Pile,Tape,https://open.spotify.com/track/1CdUwLpCm9J0dYKsIsS58i
Chat Pile,Dallas Beltway,https://open.spotify.com/track/2t0ReKFddrNiLfkqluPu4m
Dehd,Bad Love,https://open.spotify.com/track/0atclF6Pp5MffEEi7CSFlE
Dehd,Lucky,https://open.spotify.com/track/4FCSEm3ZpGJrA8Gtee0uhr
Dehd,Loner,https://open.spotify.com/track/2uIF6XYUV0RhEavNyErbTs
Dehd,Dog Days,https://open.spotify.com/track/1L7JZUL4xBvXwrXUmaMTA1
Dehd,Mood Ring,https://open.spotify.com/track/1GSTBJv8vb5zgiKtERUrf8
Dehd,Light On,https://open.spotify.com/track/7FcX8pHxQrbYHixaaiCLN3
Dehd,Flying,https://open.spotify.com/track/7837PH4hRLiX1DDeC0wcFi
Dehd,Hard To Love,https://open.spotify.com/track/6uANhkvu1o9zOPqCTXJ43Q
Dehd,Alien,https://open.spotify.com/track/1zmWV7ko2jYBCSnxfoxN7B
Dehd,Haha,https://open.spotify.com/track/70EAw3vkb7B14RduAkPGoU
Horsegirl,Switch Over,https://open.spotify.com/track/1SFVei3ZUf3EuJdvKqmGKv
Horsegirl,Frontrunner,https://open.spotify.com/track/0zWfDeOJvTkHWfLWSsbFqe
Horsegirl,2468,https://open.spotify.com/track/4eTTNTTWTR2KpbwDHumCbn
Horsegirl,Rock City,https://open.spotify.com/track/2fyxdNYZGJVESN4ToVw0lM
Horsegirl,Ballroom Dance Scene,https://open.spotify.com/track/12AvvUwWyOQJEW7YTLzG5M
Horsegirl,Julie,https://open.spotify.com/track/6Lbl8SzHxHO2P3BjMgW5HZ
Horsegirl,Where'd You Go?,https://open.spotify.com/track/51nV3C1hpbfKBi4bXiyDkv
Horsegirl,Well I Know You're Shy,https://open.spotify.com/track/2t1PBeyHtPyGaHvxh3lLoY
Horsegirl,Anti-glory,https://open.spotify.com/track/7xxeSJJ25Gu6dRBv8v7tKK
Horsegirl,In Twos,https://open.spotify.com/track/5XiQhjQXoCUHrj9u8ri1vf
Los Campesinos,Romance Is Boring,https://open.spotify.com/track/6ZB4b1iaK5GbBHTqUbhYtC
Los Campesinos,You! Me! Dancing!,https://open.spotify.com/track/7grnYLqVYwLvr7uPhIav0O
Los Campesinos,The Sea Is A Good Place To Think Of The Future,https://open.spotify.com/track/1HZ5AlkzuGtmPsG2teW5PJ
Los Campesinos,Knee Deep at ATP,https://open.spotify.com/track/2ooqs8fVq53beDPJthF3Sp
Los Campesinos,Allez Les Blues,https://open.spotify.com/track/1QxRYUlxvA4nCd9JSyMzie
Los Campesinos,Straight In At 101,https://open.spotify.com/track/0P2VGl2KB7CZlme0AwhpQw
Los Campesinos,By Your Hand,https://open.spotify.com/track/6fNXJ9Jazskn1buQG2ntlC
Los Campesinos,"We Are Beautiful, We Are Doomed",https://open.spotify.com/track/5GzC1cW2lify2iIrnwyp39
Los Campesinos,A Psychic Wound,https://open.spotify.com/track/2pWO5a2xnRmpc1zDV7EvwE
Los Campesinos,Death to Los Campesinos!,https://open.spotify.com/track/54UincOZJtAA2tsVBmhjTK
Jane Remover,Dancing with your eyes closed,https://open.spotify.com/track/1XD4K4CGAKTIBmFpvuaFru
Jane Remover,Psychoboost feat danny brown,https://open.spotify.com/track/7BMSBNctr9IPelr6MFvuRL
Jane Remover,Dreamflasher,https://open.spotify.com/track/75Wgg4LerPD3mVO5hEyUN9
Jane Remover,JRJRJR,https://open.spotify.com/track/29M6802gdnONhtdsjPdtv9
Jane Remover,angels in camo,https://open.spotify.com/track/7a4dV5aM4pHsTdOkqIVK8l
Jane Remover,Professional Vengeance,https://open.spotify.com/track/2AjTT2CBthpsIQtyxzhSr4
Jane Remover,Star people,https://open.spotify.com/track/44Obh48yje3RZvWtYc4OpJ
Jane Remover,TURN UP OR DIE,https://open.spotify.com/track/2WlpEpIyQWh9xvLY598sZk
Jane Remover,Experimental Skin,https://open.spotify.com/track/5pt8I0fp9O0nhdIs3GgEBo
Jane Remover,TWICE REMOVED,https://open.spotify.com/track/6cMaeMxUUtPGZri4qPSQ5Y
Kneecap,H.O.O.D,https://open.spotify.com/track/1r6oq0Rzg47EvcfOL3rD3d
Kneecap,Better Way To Live,https://open.spotify.com/track/2nlivHG7sBn9C22SBhzuQp
Kneecap,Guilty Conscience,https://open.spotify.com/track/559wXxr2rb04rn7t3M3HPx
Kneecap,Get Your Brits Out,https://open.spotify.com/track/0uowUdDOAcdicQTNWR6zWa
Kneecap,Cearta,https://open.spotify.com/track/53XLfXbVPTY7lO36pOBvIu
Kneecap,Sick In The Head,https://open.spotify.com/track/7C3O1iMUgxj59WQxJjvU61
Kneecap,Fine Art,https://open.spotify.com/track/3RFpr9aR7pBAFJ1XQnuThq
Kneecap,I bhFiacha Linne,https://open.spotify.com/track/3chFJhCpMNv0dXnHVafLGZ
Kneecap,H.O.O.D - 2025 Mix,https://open.spotify.com/track/55gs9waCCYDNuK4Z4nQsJW
Kneecap,3CAG,https://open.spotify.com/track/4XrpaCHWJUeOmhX9TjWyEq
Machine Girl,うずまき,https://open.spotify.com/track/38BJYKB0qHJsNi2OyI7kxW
Machine Girl,Mg1,https://open.spotify.com/track/7uk7aG1O2lYLbIt4hE7p5d
Machine Girl,Ghost,https://open.spotify.com/track/4JG8MhCVmEM458N4Xl7VMT
Machine Girl,Athoth a Go!! Go!!,https://open.spotify.com/track/5HEpI1nOR0vHicKklJRvvd
Machine Girl,Cyan Hardcore,https://open.spotify.com/track/3tHuc2GGxetquuJKCleNmK
Machine Girl,Frenesi - Machine Girl GabberTrap Mix,https://open.spotify.com/track/3wt5rmyeDO4ScM5fsKI33Y
Machine Girl,"Out by 16, Dead on the Scene",https://open.spotify.com/track/7MNyh0GzImQJ7pOutAasco
Machine Girl,Krystle - URL Cyber Palace Mix,https://open.spotify.com/track/4WyZjSNcHtSOMHffFPh3Ws
Machine Girl,Grindhouse,https://open.spotify.com/track/3EN9EFQHqDSLoNXAOkJzlJ
Machine Girl,Until I Die,https://open.spotify.com/track/5cU5OKvKTGJqgNRE7QC0mO
Pete Doherty,Felt Better Alive,https://open.spotify.com/track/0sPQgw8MafItfkGU4t0yWC
Pete Doherty,Last of the English Roses,https://open.spotify.com/track/5nR4gY5nUkt88ZdVLKEmLr
Pete Doherty,The Day The Baron Died,https://open.spotify.com/track/1QcutUyjtk9PSpR7msdfyS
Pete Doherty,Calvados,https://open.spotify.com/track/5LfwjPoc9lvHwmMuzXyb9W
Pete Doherty,I Don't Love Anyone (but You're Not Just Anyone),https://open.spotify.com/track/6Q4ueaHWIpx6gXyQ2G4oTh
Pete Doherty,The Fantasy Life Of Poetry & Crime,https://open.spotify.com/track/5qM9ojFUHdKCO2GLARXpth
Pete Doherty,Sheepskin Tearaway,https://open.spotify.com/track/4D9Sb1bIC6fUrN5fj0sTfF
Pete Doherty,Uncle Brian's Abattoir,https://open.spotify.com/track/3nWl4oLAc9a5fl9Sp3ELPd
Pete Doherty,You Can't Keep It From Me Forever,https://open.spotify.com/track/2V6LYnLz2RpTLOxlEnHayX
Pete Doherty,Salome,https://open.spotify.com/track/0xVCXt3DNm7Z3LqzclGUfr
The Jesus Lizard,Monkey Trick,https://open.spotify.com/track/7xNH5k9TmUiAQ8GFBNvJDS
The Jesus Lizard,Mouth Breather,https://open.spotify.com/track/11k6aATlAzdW6UTdC20UtU
The Jesus Lizard,Then Comes Dudley,https://open.spotify.com/track/5vazlZCYJK4IxBO6Q9Oii3
The Jesus Lizard,Nub,https://open.spotify.com/track/0javu4aPWbHqwgAkJrAsVl
The Jesus Lizard,Hide & Seek,https://open.spotify.com/track/1z7u1DmnMwjKBH1LAY3LOi
The Jesus Lizard,Gladiator,https://open.spotify.com/track/79r2tSK7dxVDKRgurVApOP
The Jesus Lizard,Seasick,https://open.spotify.com/track/2jm6RoPi1caRMLQ7V0LzN2
The Jesus Lizard,Boilermaker,https://open.spotify.com/track/0TAHq3TbT22cM2JCXOxV9V
The Jesus Lizard,Puss,https://open.spotify.com/track/0p18qiV1ce7yLmUouDko4H
The Jesus Lizard,Thumper,https://open.spotify.com/track/0ar7kvNdBppCI4J5g4lmBf
Kim Deal,Are You Mine?,https://open.spotify.com/track/29kR4fIrAGssXnXbIjJyMk
Kim Deal,Wish I Was,https://open.spotify.com/track/46wtbqcPC4C3WrWGas15ry
Kim Deal,Coast,https://open.spotify.com/track/5HcqA94dsCm51VgOjIkpxg
Kim Deal,Nobody Loves You More,https://open.spotify.com/track/2JsRGRCM96TKaFlfICLupq
Kim Deal,Crystal Breath,https://open.spotify.com/track/6PsxpQQfcOljj2eBmGF8h3
Kim Deal,Are You Mine?,https://open.spotify.com/track/0MGUUxVOaHVolOZ6Yao0dV
Kim Deal,Disobedience,https://open.spotify.com/track/7DrAwjD0zx7woZVVv5ssYc
Kim Deal,Big Ben Beat,https://open.spotify.com/track/3rfZHyL8731IosDvZSWcp1
Kim Deal,Wish I Was,https://open.spotify.com/track/306W3g009kBuQ1sf2BhuM7
Kim Deal,A Good Time Pushed,https://open.spotify.com/track/7mafJGWvI8JfsZlrMvfifX
Nadah El Shazly,Kaabi Aali,https://open.spotify.com/track/20U7E6CRGXcDVNpGLrvGIe
Nadah El Shazly,Ghorzetein,https://open.spotify.com/track/0bO1t51QpFdQv5xV5hwlA0
Nadah El Shazly,Bānit - A COLORS SHOW,https://open.spotify.com/track/5COLX8j9LSiHU0hFK2gqmg
Nadah El Shazly,Palmyra,https://open.spotify.com/track/1iDx9X21mO2NOW6R0ukM3E
Nadah El Shazly,Cairo???,https://open.spotify.com/track/479RnYovvbQhoEiLLyLG8t
Nadah El Shazly,Breakup By The Sea,https://open.spotify.com/track/49l6216b3SK2R2Qk8DtewH
Nadah El Shazly,Afqid Adh-Dhakira,https://open.spotify.com/track/2UuxFdBZ1N3IDGLGACb1N3
Nadah El Shazly,Danse Le Flou,https://open.spotify.com/track/3wZbvsI9eTHVGKHsgNjVBE
Nadah El Shazly,Pollute Bold,https://open.spotify.com/track/62199gvnd4yNd5LVvoT76w
Nadah El Shazly,Mausoleum,https://open.spotify.com/track/5W9fUZD0JY8W8g6HfhWh2O
Seefeel,Time to Find Me - AFX Fast Mix,https://open.spotify.com/track/4JT4orneDAvaWkjUTuwShZ
Seefeel,Polyfusion,https://open.spotify.com/track/6NHnq8hdSCeWALDPWJURjh
Seefeel,Moodswing,https://open.spotify.com/track/5lztNaNPhBTrfygH1BO1W2
Seefeel,Chaos Weary,https://open.spotify.com/track/244xu2sPayUQujf8uVvzGV
Seefeel,So Shall You Be,https://open.spotify.com/track/0iPesoyRa6yQ3SiGVOnea3
Seefeel,As X Is Y,https://open.spotify.com/track/3YYrDHL8ZTxBoNE7MqyN34
Seefeel,Climactic Phase No.3,https://open.spotify.com/track/7hRG2HYhxsffbK2Iz2zlex
Seefeel,Industrious,https://open.spotify.com/track/3OFvB7xznrMmXso5VieOWE
Seefeel,Charlotte's Mouth,https://open.spotify.com/track/49aYrzh1VKId4c45rqb8zo
Seefeel,Sky Hooks,https://open.spotify.com/track/6KqOFPJTgkSXWmKkjstNWC
Real Farmer,Big Stepper,https://open.spotify.com/track/47x33fckrWvLk82Hc4cJfK
Real Farmer,The Straightest Line,https://open.spotify.com/track/09366Wa6exUUWn4zLpsRfw
Real Farmer,Consequence,https://open.spotify.com/track/7DCP9yYwDzwG41Kp9aeZPz
Real Farmer,Mislocated,https://open.spotify.com/track/7JyVpJ6lSSs8RlSD0Suoup
Real Farmer,Inner City,https://open.spotify.com/track/5Wa0AqxIzoGPg5ZLRYkW5W
Real Farmer,I Can't Run,https://open.spotify.com/track/3tt7dB7jp3Eyh6wMZQvueQ
Real Farmer,Hard Times,https://open.spotify.com/track/56BX0nbLSOA0Nt56QilLFx
Real Farmer,The Feeding,https://open.spotify.com/track/287wUJaE7ZCDJfbZEH6YDU
Real Farmer,Waiting For,https://open.spotify.com/track/71F5xAcGj7v0UmgIOgIEpM
Real Farmer,Empty,https://open.spotify.com/track/3FQjX2azOL2uQ9inWCEHx5
Warmduscher,Midnight Dipper,https://open.spotify.com/track/21jmykqS340CuvBBoNCUsU
Warmduscher,I Got Friends,https://open.spotify.com/track/2LH2fJkh1AgSrv4bio7nBR
Warmduscher,Midnight Dipper - Soulwax Remix,https://open.spotify.com/track/5XQZUuA1mTyiq3V6VYMCki
Warmduscher,Whale City,https://open.spotify.com/track/26ewMiMzNPfbcMWy8rIbeg
Warmduscher,Tainted Lunch,https://open.spotify.com/track/4aNyl4431wzZuNUCkiXx78
Warmduscher,Standing on the Corner,https://open.spotify.com/track/65f4q0wIw9yn2hOKGav72e
Warmduscher,Top Shelf,https://open.spotify.com/track/4LiwtekLNmPvuA7gYfuPAA
Warmduscher,Disco Peanuts,https://open.spotify.com/track/5yG92zLBq0hp2fOYsOzS4f
Warmduscher,Pure At The Heart,https://open.spotify.com/track/59fSXmCksaZd8lPNj19syc
Warmduscher,1000 Whispers,https://open.spotify.com/track/7wsyGFbCS4IosshaQicC3k
Damoridemort,La Boca del Cel,https://open.spotify.com/track/6sQyc2Lo38JpA2LYNOvxIU
Damoridemort,Ya no me acuerdo,https://open.spotify.com/track/67RThjuR6Ys3adbGGCFIvd
Damoridemort,"Blaugrana, amb Asra3",https://open.spotify.com/track/4N1WunKdYv12NAQAAxYi0J
Damoridemort,Pocion,https://open.spotify.com/track/1Lb7uhWMPHCnG6RBy7a7UE
Damoridemort,Estoy Amando una Piedra,https://open.spotify.com/track/6JCDxhMdR8ETHKlKLMa0ah
Damoridemort,Cal Blau,https://open.spotify.com/track/5JSOO1u3TR8oflVuFPtSSj
Damoridemort,Diari Secret,https://open.spotify.com/track/0LxvRNoN4YaWbXRLeLLNHM
Damoridemort,Dou,https://open.spotify.com/track/0riQwrrhd53QgsFJhsFr6k
Damoridemort,Gotes de Sang a la Neu,https://open.spotify.com/track/0BPVwvxoPdpwUxMLBuC7aO
Damoridemort,Estrella,https://open.spotify.com/track/4qm47MrGXwUIHYfcc6eHaN
Tristwch y Fenywod,Ferch Gyda’r Llygaid Du,https://open.spotify.com/track/5vFy5NdkBkWj0sWaSVwE5H
Tristwch y Fenywod,Blodyn Gwyrdd,https://open.spotify.com/track/0RrAtafgR33p9LmGeockHL
Tristwch y Fenywod,Llwydwyrdd,https://open.spotify.com/track/4lhSDQteoh8fK9TJH5CWMy
Tristwch y Fenywod,Y Trawsnewidiad,https://open.spotify.com/track/1yUlp82N6CnySw3gVeCsv5
Tristwch y Fenywod,Gelain Gors,https://open.spotify.com/track/2im2LP2AjjSeAIYKleUUH7
Tristwch y Fenywod,Byd Mewn Cysgod,https://open.spotify.com/track/1G05syBlhtj2fRc4aXz2i4
Tristwch y Fenywod,Awen,https://open.spotify.com/track/72GbE8zOECkNkUJHz0jvol
Tristwch y Fenywod,‘Nes I Ddawnsio Efo’r Lleuad,https://open.spotify.com/track/25GGMKlA3v3TBlt2JWECx3
Aka Hex,Do The Rite Thing,https://open.spotify.com/track/230bzMQlCPU5Wxa4KeYZvM
Aka Hex,Hex On Fire - Club Version,https://open.spotify.com/track/40jk67a2BQc4nsIJCCIVzu
Aka Hex,Hex On Fire - Psychic Version,https://open.spotify.com/track/3vHfWonqP0yh9ehSLVMuyj
Jawnino,Dai Buki,https://open.spotify.com/track/5Sk2OqwOCNKUuTe2u3WCeB
Jawnino,Sweden Freestyle,https://open.spotify.com/track/1zcrrLJQERrIpOE1p5gMnH
Jawnino,Westfield (feat. Kibo & James Massiah),https://open.spotify.com/track/5UFGegYPpkNniIUI85mC1M
Jawnino,It's Cold Out - Extended Mix,https://open.spotify.com/track/4asp5AAvCxTpFrL6y08id7
Jawnino,Lost My Brain,https://open.spotify.com/track/4w44zC5RobUIpr8lchKyKS
Jawnino,2trains,https://open.spotify.com/track/6Jn9Swljeg0Dj3uYIjbwwL
Jawnino,Short Stories (feat. MIKE),https://open.spotify.com/track/0sXWyUCH3s4w33yUde2anB
Jawnino,265 (feat. Jesse James Solomon),https://open.spotify.com/track/7sbfuUziRkauoUCaeNFgsG
Jawnino,Scr33nTim3,https://open.spotify.com/track/6bSTJxjeOH9tD4fRBdIxir
Jawnino,sentfromheaven,https://open.spotify.com/track/3dNQKf82QRsVOzjMUThnAa
Salem,PS5,https://open.spotify.com/track/3YQkC6dE9YE9sH1751qqEr
Salem,Come With Me,https://open.spotify.com/track/3curUGAfGYvGcBbE1k5Fyy
Salem,Mad at Disney,https://open.spotify.com/track/0PlzctO0nv2sSIFmqDSE6h
Salem,Here’s Your Perfect (with salem ilese),https://open.spotify.com/track/4Cw1fQBX3TaiZQwOAyddnj
Salem,feelings don't lie,https://open.spotify.com/track/1Un4BctmbaAaQJtv6Mk79r
Salem,Fake A Smile,https://open.spotify.com/track/1Ph65gYzHdiNDs9yWh4ePY
Salem,I'M NOT SCARED,https://open.spotify.com/track/44aXDy69XdxDgOxULxKIl3
Salem,closer (feat. salem ilese),https://open.spotify.com/track/1tjJXptXII6dg7T2XKOnhk
Salem,burn,https://open.spotify.com/track/6gsfnm1qCpDzbyALdTzoxu
Salem,Glitch In The Simulation (with salem ilese),https://open.spotify.com/track/6KKZMSxKhHiAHpDIWV9fU1
Mohama Saz,Yai Yai,https://open.spotify.com/track/1w5awuRm4hZ5srXzwnWPOB
Mohama Saz,Quemar las Naves,https://open.spotify.com/track/2owus8YvNc9u61TqHockrt
Mohama Saz,Osiris,https://open.spotify.com/track/0os3BvHXuZbhQImBkhaat6
Mohama Saz,Baris,https://open.spotify.com/track/3NqgZIe4vIkIDwkfN3WdMO
Mohama Saz,Amulatu,https://open.spotify.com/track/4tLhlFOMrYlyjCR9lBVLTF
Mohama Saz,Ursus,https://open.spotify.com/track/2BqphrwYsHb90T5RwXZ2sH
Mohama Saz,Stereorrata,https://open.spotify.com/track/0y96AFc4fGpoC1iZbGxefK
Mohama Saz,Jara y Sedal,https://open.spotify.com/track/2EsDyPdke7bl55iZo7Yxva
Mohama Saz,De las Moscas del Mercado,https://open.spotify.com/track/3pxU83UMue5nmoTg23VVbU
Mohama Saz,Arbolito,https://open.spotify.com/track/7uXW41nOkX0Wr8zrMC0iy2
Soul Jazz,Dreams,https://open.spotify.com/track/140k6JU349MDt0i355dEwO
Soul Jazz,Ordinary People,https://open.spotify.com/track/2mrYwLZbLAmuLvhVxqpAud
Soul Jazz,Yellow,https://open.spotify.com/track/6ZYmoO8IvkYhNhTkKHm8Rg
Soul Jazz,Fix You,https://open.spotify.com/track/5HeALTwhQVBgOrvxqruCcl
Soul Jazz,Last Christmas,https://open.spotify.com/track/65xED9u9lTq89RAZEs0Xys
Soul Jazz,Santa Tell Me,https://open.spotify.com/track/1lc9yLYtjRLbYhqmGLnCz0
Soul Jazz,White Christmas,https://open.spotify.com/track/3pEYrvd083f4d8NfHuBxVw
